FullName,ISO3,GHS_Prevent,GHS_Detect,GHS_Respond,GHS_Health,GHS_Norms,GHS_Risk,GDP_bill,GDP_percapita,Population_mill,HumanDevelopmentIndex_2018,EIUDemocracyIndexScore_2019,UNOnlineServicesIndexScore_2018,GlobalPeaceIndex,CorruptionsPerceptionIndex_2018,HumanCapitalIndex_2017,SDGIndexScore_2018,age_0_14_Percent,age_15_24_Percent,age_25_54_Percent,age_55_64_Percent,age_65_plus_Percent,age_0_14_MaleCount,age_15_24_MaleCount,age_25_54_MaleCount,age_55_64_MaleCount,age_65_plus_MaleCount,age_0_14_FemaleCount,age_15_24_FemaleCount,age_25_54_FemaleCount,age_55_64_FemaleCount,age_65_plus_FemaleCount,PopulationGrowthRate,PopulationSmoking_male,PopulationSmoking_female,GINIindex,PercentUrban,RateUrbanization,Ave_household_size,Percent_house_Nuclear,Percent_house_Multi_generation,Percent_house_Three_generation,Percent_house_Skip_generation,EFindex
Afghanistan,AFG,23.5,44.8,23.6,21,56.3,23.3,20,550,36.4,0.5,3,0.3,1.4,16,0.4,46.2,0.4062,0.2126,0.3144,0.0401,0.0268,7562703,3960044,5858675,724597,451852,7321646,3828670,5661887,744910,528831,2.36,NA,NA,NA,26,3.37,8.03673885632185,52.7665791569448,50.3921458069539,32.1826840537533,0.0674653693434043,0.763
Albania,ALB,43.8,74.3,52,35.9,53,55.7,15,5195,2.9,0.8,6,0.7,3.2,36,0.6,68.900000000000006,0.176,0.1539,0.4204,0.1194,0.1303,284636,246931,622100,178419,186335,256474,226318,670307,188783,214276,0.31,49.5,6.6,29,62.1,1.69,3.29961078595413,64.9615884421383,44.6479671770333,18.009196850722,0.577928931190047,0.139
Algeria,DZA,25.7,12,19.6,13.1,29.1,51.4,175,4155,42.1,0.8,3.5,0.2,2.8,35,0.5,67.900000000000006,0.2958,0.1393,0.4291,0.0741,0.0617,6509490,3063972,9345997,1599369,1252084,6201450,2922368,9091558,1585233,1401357,1.7,NA,NA,35.3,73.7,2.46,NA,NA,NA,NA,NA,0.372
Andorra,AND,27.9,14.2,30.5,9.2,32.4,83.5,3,39147,0.1,0.9,-,0.6,-,-,-,-,0.1337,0.1016,0.4319,0.1591,0.1736,5901,4474,18857,7184,7544,5551,4227,18131,6443,7323,0.03,35.6,26.8,NA,87.9,-0.31,NA,NA,NA,NA,NA,NA
Angola,AGO,24,17.9,21.7,10.9,41.4,42.2,99,3207,30.8,0.6,3.6,0.4,3,19,0.4,49.6,0.4783,0.1864,0.278,0.0343,0.023,7758636,2950999,4301618,523517,312197,7797869,3109741,4740463,591249,436050,3.52,NA,NA,42.7,66.8,4.32,4.81565736350675,54.80998598779,17.5395542934888,13.3387184457014,3.28476812269371,0.779
Antigua and Barbuda,ATG,17.8,19.1,21.7,7.4,55.1,65.2,2,15665,0.1,0.8,-,0.5,-,-,-,-,0.2252,0.1615,0.4168,0.1074,0.0891,11243,7891,18757,4693,3736,10871,7961,22167,5848,5012,1.21,NA,NA,NA,24.4,0.55,NA,NA,NA,NA,NA,NA
Argentina,ARG,41.4,74.9,50.6,54.9,68.8,60,518,11599,44.7,0.8,7,0.8,3,40,0.6,70.3,0.2402,0.1519,0.396,0.0907,0.1213,5629188,3539021,9005758,2000536,2331679,5294723,3367321,9002931,2122699,3185262,0.91,26,15,41.7,92.1,1.07,3.25859003619884,61.8464531542945,29.5808459979986,9.61364349644995,1.28749899356374,0.158
Armenia,ARM,56.7,60.8,55.5,25.7,50.1,50.4,12,4233,2.9,0.8,4.8,0.6,2.7,35,0.6,69.3,0.1864,0.1163,0.4304,0.1408,0.126,297320,184258,639101,195754,154117,265969,167197,661421,229580,226607,-0.21,48.4,1.3,31.5,63.3,0.22,3.54208464567852,47.9592373205902,54.3032556463711,29.8375923184541,0.914911812173578,0.045
Australia,AUS,68.9,97.3,65.9,63.5,77,79.4,1418,57236,24.8,0.9,9.1,1,3.6,77,0.8,72.900000000000006,0.1872,0.1289,0.4115,0.1135,0.1588,2457418,1710253,5224840,1395844,1866761,2309706,1572794,5255041,1495806,2177996,1.03,14.3,11,30.3,86.2,1.43,2.54677670219101,63.7743785760238,NA,NA,NA,0.276
Austria,AUT,57.4,73.2,42.3,46.6,52.8,84.6,457,52935,8.6,0.9,8.3000000000000007,0.9,3.7,76,0.8,80,0.1401,0.1036,0.4135,0.1441,0.1987,635803,466921,1831704,635342,768687,605065,451248,1831669,641389,991621,0.47,32.7,33.3,30.5,58.7,0.59,2.27153329694287,55.4879293586813,NA,NA,NA,0.248
Azerbaijan,AZE,30.8,45,25.5,17.9,36.2,54.2,47,4730,9.9,0.8,2.7,0.7,2.6,25,0.6,70.8,0.2284,0.1317,0.4529,0.1141,0.0729,1235292,714718,2291600,530046,289604,1095308,629494,2330843,634136,454769,0.87,43.3,0.4,33.7,56.4,1.58,4.54852867256945,55.9166661831776,48.6118704109505,24.4679092064437,0.750091239741689,0.122
Bahamas,BHS,24.7,21.8,30.9,7.9,46,61.4,12,30426,0.4,0.8,-,0.7,-,65,-,-,0.2204,0.1539,0.4386,0.1004,0.0867,37758,26332,74485,15648,11326,36668,25650,73647,18250,17957,0.81,NA,NA,NA,83.2,1.13,3.39563829580179,44.858794449094,NA,NA,NA,NA
Bahrain,BHR,36,45.8,43.2,27.7,27.8,57.8,38,25112,1.5,0.8,2.7,0.8,2.6,36,0.7,65.900000000000006,0.1845,0.1516,0.5614,0.0689,0.0336,141039,129310,550135,64761,25799,136687,98817,294778,38870,24807,2.26,67.5,9,NA,89.5,4.38,NA,NA,NA,NA,NA,0.582
Bangladesh,BGD,27.3,50.9,23.1,14.7,52.5,44,274,1647,166.4,0.6,5.6,0.8,2.9,26,0.5,59.3,0.2648,0.1856,0.4072,0.0741,0.0682,21918651,15186470,31694267,5941825,5218206,21158574,15001950,34535643,6115856,5879411,1.04,34.3,0.3,32.1,38.2,3.17,4.46971417265744,59.9759100482942,39.5484995589777,25.8837464483671,1.32445441320091,0.025
Barbados,BRB,33.3,19.1,27.2,8.5,46,69.9,5,17920,0.3,0.8,-,0.7,-,68,-,-,0.1749,0.1234,0.4269,0.1391,0.1357,25762,18024,62655,19533,16398,25764,18330,63093,21430,23571,0.28,13,0.8,NA,31.2,0.2,NA,NA,NA,NA,NA,NA
Belarus,BLR,19.4,28.9,46.6,40.6,25.8,53,57,5973,9.5,0.8,3.1,0.7,2.9,44,-,76,0.1609,0.0959,0.4394,0.1445,0.1593,784231,467393,2058648,605330,493055,740373,441795,2105910,763972,1017211,-0.22,41.7,9.8,26.5,79.5,0.44,2.48246629851521,56.0765918736937,30.6046594692034,9.4202312154858,0.793041770029048,0.309
Belgium,BEL,63.5,62.5,47.3,60.5,59.7,78.2,532,46290,11.5,0.9,7.8,0.8,3.5,75,0.8,79,0.1722,0.112,0.3923,0.1314,0.1921,1033383,670724,2319777,764902,988148,984624,642145,2278450,775454,1263109,0.7,24.2,18.9,25.9,98.1,0.62,2.36291689333038,60.5951461178785,NA,NA,NA,0.592
Belize,BLZ,30,30.4,25.5,9.7,49.3,53,2,5196,0.4,0.7,-,0.3,-,-,-,62.3,0.3257,0.19,0.3772,0.0618,0.0453,66454,39238,73440,12235,8781,63700,36683,77300,12444,9323,1.8,NA,NA,NA,46,2.32,NA,NA,NA,NA,NA,NA
Benin,BEN,16.5,24.2,34.1,5.6,53.6,42.8,10,878,11.5,0.5,5.7,0.5,3,40,0.4,49,0.4556,0.2036,0.2854,0.0315,0.0239,2955396,1300453,1735229,193548,140513,2906079,1318880,1935839,211427,167270,2.71,20.2,0.8,36.5,48.4,3.89,5.18649416042462,49.5981161495782,23.8947358487158,15.9850315240631,4.31098943149901,0.764
Bhutan,BTN,35.5,42.8,42,27.9,39.7,56.9,3,3129,0.8,0.6,5.3,0.5,3.5,68,-,65.400000000000006,0.2452,0.1777,0.4472,0.0639,0.066,98113,70768,184500,26714,26797,93740,68211,165374,23280,24821,1.07,NA,NA,38.8,42.3,2.98,NA,NA,NA,NA,NA,0.651
Bolivia,BOL,44,33.1,29.2,14.9,48.5,50.9,40,3592,11.2,0.7,5.7,0.6,3,29,-,68.099999999999994,0.3034,0.1921,0.3868,0.0606,0.0571,1799925,1133120,2212096,323210,291368,1731565,1103063,2289888,382139,373535,1.51,26,15,47,70.1,1.97,3.5304590604877,47.5369570701663,24.9313585083502,12.5583063584735,2.57409672303365,0.572
Bosnia and Herzegovina,BIH,36.7,41.7,51.8,38.3,37.8,50.8,21,5849,3.5,0.8,5,0.4,3,38,0.6,67.3,0.1318,0.1083,0.4452,0.1524,0.1622,261430,214319,859509,284415,249624,244242,201214,848071,300168,372594,-0.16,44.4,28.6,33.8,49,0.55,NA,NA,NA,NA,NA,0.637
Botswana,BWA,22,28.2,23.9,13.3,46.3,62.4,19,7984,2.3,0.7,7.8,0.2,3.3,61,0.4,58.5,0.3054,0.1831,0.3967,0.0592,0.0556,357065,208824,434258,59399,53708,350550,215462,484922,77886,75159,1.55,NA,NA,60.5,70.9,2.87,3.52402301562812,25.6983645835224,23.8977728568058,16.1145699090629,4.21106129635344,0.395
Brazil,BRA,59.2,82.4,67.1,45,41.9,56.2,1868,8931,209.2,0.8,7,0.9,2.7,35,0.6,69.7,0.2111,0.1606,0.4383,0.0978,0.0921,22790634,17254363,46070240,9802995,8323344,21907018,16750581,46729640,10911140,11176018,0.73,16.9,9.7,49,87.1,1.05,3.31148982178934,64.7861268510395,30.8846029604436,10.2189258143486,1.95327031838303,0.559
Brunei,BRN,24.8,30.5,33.4,24.2,23.3,66.7,13,29874,0.4,0.9,-,0.7,-,63,-,-,0.2241,0.1614,0.4721,0.0834,0.059,53653,37394,103991,19159,13333,50446,37559,115291,19585,14067,1.57,29.8,2.7,NA,78.3,1.66,NA,NA,NA,NA,NA,NA
Bulgaria,BGR,37.6,53.3,21.7,41,61.5,66.3,65,9256,7,0.8,7,0.8,3.4,42,0.7,73.099999999999994,0.1452,0.094,0.4287,0.1315,0.2006,520190,340306,1538593,433943,562513,491506,314241,1448080,482474,835053,-0.61,38.4,24.9,40.2,75.7,-0.22,2.33762487949056,51.9570041013592,NA,NA,NA,0.289
Burkina Faso,BFA,18,33.3,38,5.6,44.8,42.6,16,787,19.8,0.4,4.8,0.5,2.8,41,0.4,50.9,0.4358,0.2033,0.2936,0.0357,0.0316,4606350,2121012,2850621,321417,284838,4473951,2114213,3265926,423016,374057,3,41.8,3.6,39.5,30.6,4.99,5.9244534660988,45.1833962430405,24.8113581827263,17.3223126493588,3.14008167500741,0.767
Burundi,BDI,25.1,11.4,28.4,8.9,37.6,28.3,4,352,10.9,0.4,2.2999999999999998,0.3,2.5,17,0.4,49.8,0.4383,0.1976,0.2918,0.0417,0.0306,2618868,1172858,1713985,231088,155262,2581597,1171966,1748167,264131,207899,3.25,NA,NA,42.4,13.7,5.68,4.83019337510145,65.4960872334002,19.5139051691758,8.89888206562439,4.11506270827251,0.308
Cabo Verde,CPV,27.9,9.3,32.7,16.1,33.9,67.4,2,3597,0.6,0.7,7.9,0.5,-,57,-,64.7,0.2795,0.1869,0.4076,0.0712,0.0548,82010,54521,115811,18939,12037,81012,54504,121923,22597,19901,1.33,26,3,NA,66.7,1.97,NA,NA,NA,NA,NA,0.442
Cambodia,KHM,28.6,57.7,36.7,12,60,38.5,24,1483,16.3,0.6,3.6,0.3,2.9,20,0.5,60.4,0.3018,0.1728,0.4151,0.0644,0.0459,2582427,1452784,3442051,476561,287021,2525619,1472769,3584592,612706,490454,1.52,42.5,2,37.9,24.2,3.25,4.61184313032466,55.9779226546159,42.3597478719553,26.1767600796457,4.16857580207041,0.158
Cameroon,CMR,28.2,35.6,29.5,21.4,59.9,33.6,39,1566,24.7,0.6,3.3,0.5,2.5,25,0.4,55.8,0.4234,0.2004,0.3064,0.0387,0.0311,5927640,2782376,4191151,520771,403420,5820226,2776873,4309483,552801,460248,2.56,65.9,0.9,44.6,57.6,3.63,4.99234197870694,36.4544295021567,24.310288846878,17.2379044946435,4.45332528342798,NA
Canada,CAN,70,96.4,60.7,67.7,74.7,82.7,1711,46301,37,0.9,9.1999999999999993,0.9,3.7,81,0.8,76.8,0.1599,0.1114,0.3981,0.1408,0.1898,3094008,2167013,7527554,2624474,3274298,2931953,2032064,7478737,2682858,3881126,0.73,14.8,9.4,32.1,81.6,0.97,2.44882526250561,61.1559200914151,15.9350347598608,2.18625456788445,0.377192788402832,0.73
Central African Republic,CAF,18,17.7,46.6,12.8,44.2,23,2,477,4.7,0.4,1.5,0.2,1.7,26,-,37.700000000000003,0.3949,0.1989,0.3295,0.0432,0.0335,1188682,598567,988077,123895,78017,1176958,593075,986019,134829,122736,2.12,NA,NA,43.6,42.2,2.52,4.90678370265536,37.5789128693384,18.5641968963665,13.2998418948665,4.29543711321918,0.79
Chad,TCD,23.2,36.5,34.5,6.6,46.2,23.7,11,739,15.4,0.4,1.6,0.1,2.5,19,0.3,42.8,0.4743,0.1977,0.2714,0.0324,0.0243,4050505,1676495,2208181,239634,176658,3954413,1660417,2371490,306477,233087,1.86,NA,NA,43.3,23.5,3.88,5.77717953423277,57.8580750013432,18.2117168011561,12.7869236751397,4.2221913980784596,0.855
Chile,CHL,56.2,72.7,60.2,39.3,51.5,70.1,298,16388,18.2,0.8,8,0.8,3.4,67,0.7,72.8,0.1979,0.1384,0.4258,0.1198,0.1181,1836240,1283710,3882405,1034049,902392,1763124,1233238,3860700,1145022,1245890,0.77,37.6,34.1,50.5,87.7,0.87,3.57642542986666,56.0451543949297,32.9422493721184,13.8006074950119,1.9973992072166,0.439
Hubei,HUB,45,48.5,48.6,45.7,40.3,64.4,13508,9752,58.5,0.8,3.3,0.9,2.8,39,0.7,70.099999999999994,0.1729,0.1148,0.4681,0.1208,0.1234,129296339,86129841,333789731,84827645,81586490,111782427,73876148,318711557,83557507,90458292,0.41,45.7,1.4,46.5,61.4,2.42,3.38440784117093,65.1837657474988,32.1842621106215,17.7290451440923,1.9146665351745,0.19
Colombia,COL,37.2,41.7,43.5,34.3,60.1,51,331,6691,49.5,0.7,7,0.9,2.2999999999999998,36,0.6,66.599999999999994,0.2327,0.1638,0.4204,0.0993,0.0839,5853351,4098421,10270516,2307705,1725461,5567196,3939870,10365423,2566173,2390725,0.99,14,5.2,51.1,81.4,1.22,3.52685205109591,56.6660534354544,38.2475829086602,18.0728294626631,2.32029843680715,0.639
Comoros,COM,19.2,23.2,27.1,9.4,51.6,36.5,1,1405,0.8,0.5,3.7,0.1,-,27,0.4,-,0.3668,0.2075,0.3399,0.0449,0.0408,154853,85208,136484,17237,15437,155602,90422,151178,20781,19079,1.64,21.2,4.6,55.9,29.4,2.87,5.37160110924601,49.677820456273,34.7275314374086,17.6706338407758,3.2922217925467,0.054
Congo (Brazzaville),CG-BZV,17.6,7,23.6,6.3,56.8,38.1,10,1877,5.4,0.6,3.3,0.2,2.7,19,0.4,52.4,0.4157,0.1714,0.335,0.0459,0.032,1110484,454981,886743,125207,75921,1089732,452204,886312,117810,93676,2.11,NA,NA,48.9,67.8,3.28,4.3074023816909,48.5017474796424,17.9748056363463,13.3154836901853,3.34515172616433,0.704
Congo (Democratic Republic),COG,24,25.1,31.3,11.8,45.9,20.1,44,518,84,0.5,1.5,0.2,1.8,20,0.4,43.4,0.4638,0.1942,0.2838,0.0336,0.0247,23757297,9908686,14459453,1647267,1085539,23449057,9856841,14422912,1769429,1423782,2.37,69.6,1.8,42.1,45.6,4.53,5.3020675050332,52.1059495522936,24.8624471505359,18.7971222603823,4.37583866876052,0.7
Cook Islands,COK,10.9,8.8,17.5,14.3,29.9,50.5,0,16700,0,-,-,-,-,-,-,-,0.1993,0.1489,0.3766,0.1415,0.1337,901,684,1595,674,555,808,593,1634,539,591,-2.79,NA,NA,NA,75.5,0.37,NA,NA,NA,NA,NA,NA
Costa Rica,CRI,44.2,56,36.6,24.8,43.1,71.7,60,12145,5,0.8,8.1,0.7,3.3,56,0.6,73.2,0.2208,0.1519,0.4398,0.0999,0.0876,575731,395202,1130387,247267,205463,549802,379277,1111791,261847,241221,1.16,16.5,7.2,48.5,80.8,1.5,3.46142664480857,65.7132012694926,34.6607014511948,11.3309483238983,1.28806660798359,0.398
Côte d'Ivoire,CIV,27.3,44.5,29.7,17.1,53.6,42.7,42,1700,24.9,0.5,4.2,0.2,2.8,35,0.4,55.2,0.3853,0.2021,0.3488,0.0353,0.0285,5311971,2774374,4866957,494000,349822,5276219,2779012,4719286,476060,433385,1.84,NA,NA,41.5,51.7,3.38,5.09006311104997,35.1863565277933,23.5999517185421,16.7817074767639,3.37940361339254,0.731
Croatia,HRV,55.2,72.3,32.4,46.5,49.1,68.2,61,14600,4.2,0.8,6.6,0.7,3.4,48,0.7,76.5,0.1416,0.1076,0.3977,0.1424,0.2106,308668,233602,841930,290982,364076,289996,221495,839601,310969,526427,-0.5,39.3,36.1,30.8,57.6,-0.08,2.79539616520456,59.7015347871482,NA,NA,NA,0.171
Cuba,CUB,41.4,10.5,25.9,37.4,49.8,57.8,106,9243,11.5,0.8,3,0.3,2.9,47,-,71.3,0.1634,0.1181,0.4195,0.1411,0.158,929927,678253,2335680,760165,794743,877035,627384,2303793,799734,952348,-0.29,52.6,15.1,NA,77.2,0.14,3.13669985331294,54.2645644359074,35.8977560001248,16.3602883805125,3.65213887887962,0.517
Cyprus,CYP,46.4,44.9,33.9,21.9,49.1,69.6,24,28341,0.9,0.9,7.6,0.8,3.1,59,0.8,70.400000000000006,0.1569,0.1229,0.4712,0.1192,0.1297,102095,84832,316710,72476,71053,96676,70879,280167,78511,93277,1.32,NA,NA,34.8,66.8,0.75,2.74729241249358,66.4047196628435,NA,NA,NA,0.347
Czech Republic,CZE,51.1,50.7,46.6,37.4,58.9,74,244,23000,10.6,0.9,7.7,0.7,3.6,59,0.8,78.7,0.1517,0.092,0.4329,0.1212,0.2023,834447,508329,2382899,636357,907255,789328,475846,2249774,660748,1257515,0.12,36.5,28.9,25,74.1,0.21,2.39585936897951,53.638801386567,NA,NA,NA,0.262
Denmark,DNK,72.9,86,58.4,63.8,62.6,80.3,351,61049,5.8,0.9,9.1999999999999993,1,3.7,88,0.8,84.6,0.1642,0.1233,0.3871,0.1263,0.1991,494806,370557,1149991,370338,538096,469005,352977,1122016,371149,630475,0.22,13.4,12.9,29,88.1,0.51,NA,NA,NA,NA,NA,0.177
Djibouti,DJI,16.3,17,23.2,9.3,36.3,42.7,2,2002,1,0.5,2.9,0.3,2.8,31,-,50.6,0.2997,0.2032,0.4073,0.0501,0.0397,138701,88399,156016,19868,16245,137588,98955,219406,26307,20319,2.16,NA,NA,40.9,78.1,1.67,NA,NA,NA,NA,NA,0.649
Dominica,DMA,11.2,10.7,20.9,8.5,49.3,54,0,6438,0.1,0.7,-,0.6,-,57,-,-,0.2141,0.1315,0.4279,0.1053,0.1212,8135,5017,16133,4089,4128,7760,4746,15637,3731,4867,0.18,NA,NA,NA,71.1,0.94,3.47793354224461,50.6651634743974,26.2061905829419,11.8249909715638,4.5872140322761,0.453
Dominican Republic,DOM,30.5,37.1,47.3,16.1,43.5,59.3,81,7470,10.9,0.7,6.5,0.7,3,30,0.5,66.400000000000006,0.2685,0.1815,0.4054,0.0817,0.0629,1433166,968391,2168122,429042,310262,1385987,937227,2088926,428508,350076,1.18,18.1,8.2,47.1,82.5,2.06,NA,NA,NA,NA,NA,NA
Ecuador,ECU,53.9,71.2,39.5,35.2,43.5,57.1,108,6370,17,0.8,6.3,0.7,3,34,0.6,70.8,0.2582,0.178,0.4031,0.0792,0.0815,2226240,1531545,3333650,647718,648761,2138219,1478222,3480262,691759,728491,1.28,12.3,2.8,45.9,64.2,1.66,3.77979891294363,55.6965480317771,29.1161565130213,12.9651548832241,1.9226882993158,0.528
Egypt,EGY,36.5,41.5,45,15.7,46.4,57.5,249,2565,97.1,0.7,3.4,0.5,2.5,35,0.5,63.5,0.3362,0.1801,0.3785,0.0608,0.0444,18112550,9684437,20032310,3160438,2213539,16889155,9071163,19376847,3172544,2411457,2.45,56.3,0.2,31.8,42.8,1.86,4.13085758320921,82.6632426996371,30.6339862193406,7.54273347959199,0.232926327013731,0.041
El Salvador,SLV,22.1,73.9,42.1,25.2,50.5,48,26,4065,6.4,0.7,6,0.6,2.7,35,0.5,64.099999999999994,0.2583,0.1882,0.4051,0.0723,0.076,857003,619368,1221545,198029,214717,817336,600501,1404163,270461,277979,0.25,NA,NA,36,73.4,1.57,4.06997716976167,56.7199846375966,35.2851646124194,18.9149591402744,3.70262369935208,0.165
Equatorial Guinea,GNQ,1.9,4.4,17.6,5,33.5,43.6,12,9289,1.3,0.6,1.9,0,3,16,-,-,0.3873,0.1994,0.3272,0.0469,0.0392,164417,84820,137632,17252,13464,159400,81880,135973,22006,19334,2.44,NA,NA,NA,73.1,4.28,NA,NA,NA,NA,NA,NA
Eritrea,ERI,23.4,17.2,16,9.7,40,33.2,6,1222,5.2,0.4,2.4,0.1,2.5,24,-,-,0.3823,0.2056,0.3342,0.038,0.04,1169456,622172,997693,105092,99231,1155460,627858,1034550,125735,143949,0.85,NA,NA,NA,41.3,3.86,NA,NA,NA,NA,NA,0.659
Estonia,EST,47.6,77.6,47,31.6,67.6,73.3,30,22982,1.3,0.9,8,0.9,3.3,73,0.7,78.3,0.1622,0.0886,0.4034,0.1358,0.21,102191,56484,252273,76251,89211,97116,52378,243382,90576,168762,-0.57,37.5,24.3,34.8,69.2,0.01,2.29751757241856,55.1101292070457,NA,NA,NA,0.458
eSwatini (Swaziland),SWZ,35.7,25.5,29.3,6.5,46.6,48.9,5,3437,1.4,0.6,3,0.4,3,38,0.4,50.7,0.3363,0.1871,0.3946,0.0436,0.0383,185640,98029,202536,20529,15833,185808,108654,233275,27672,26503,1.08,20.3,2,NA,24.2,2.46,4.73718042366691,26.8448492823224,30.4431748977042,25.4453529364003,6.64032644881433,0.39
Ethiopia,ETH,36.8,33.7,44.7,29,65.8,33.6,77,718,107.5,0.5,3.4,0.6,2.6,34,0.4,53.2,0.3981,0.1947,0.3292,0.0442,0.0338,21657152,10506144,17720540,2350606,1676478,21381628,10542128,17867298,2433319,1977857,2.85,9,0.5,33,21.7,4.63,4.61457783976785,63.4831770199209,22.5152411509691,11.6693083008729,4.09431382656785,0.783
Fiji,FJI,24.6,16.4,28.3,7.5,27.4,59.1,5,5733,0.9,0.7,5.9,0.5,-,-,-,-,0.2686,0.1551,0.4105,0.0925,0.0734,128499,73993,196932,43813,31556,122873,71139,187270,42763,37136,0.6,35.8,11.9,NA,57.2,1.62,4.57243740637706,52.7498395035309,45.06205863471,22.1324630858121,2.15065268564092,0.528
Finland,FIN,68.5,61.6,69.2,60.8,75.4,81.1,276,49787,5.5,0.9,9.1,1,3.5,85,0.8,83,0.1641,0.1095,0.3737,0.1302,0.2226,467220,312179,1064326,357687,543331,447005,297717,1017545,367610,697045,0.36,20.6,16.7,27.2,85.5,0.42,2.07495909856428,54.9881621332518,NA,NA,NA,0.138
France,FRA,71.2,75.3,62.9,60.9,58.6,83,2778,42583,65.2,0.9,7.8,1,3.1,72,0.8,81.2,0.1836,0.1188,0.3683,0.1247,0.2046,6368767,4122981,12619649,4085564,6029303,6085318,3938938,12366120,4376272,7855244,0.39,27.7,24.9,29.3,81,0.72,2.22205672177275,59.9202321434086,NA,NA,NA,NA
Gabon,GAB,10.8,6.1,20.6,11.2,36.5,42.8,17,8161,2.1,0.7,3.6,0.2,2.9,31,0.5,62.8,0.3645,0.219,0.3248,0.0519,0.0398,413883,254749,386903,58861,44368,399374,233770,337776,56843,44381,1.92,NA,NA,42.2,90.1,2.61,4.09759781345222,35.4503707003447,21.7100525354826,15.0585424537781,3.00298186226787,0.789
Gambia,GMB,22,36.9,34.2,23.5,44.2,47.3,2,748,2.2,0.5,4.3,0.3,3.1,37,0.4,51.6,0.3596,0.2009,0.3585,0.044,0.0369,392714,216307,382138,45614,36773,389027,220514,397324,50143,43445,2.05,NA,NA,50.2,62.6,4.07,8.22968138889476,28.3024702242815,45.5557583903787,32.3088204532236,1.39079838856996,0.762
Georgia,GEO,53.2,75,37.1,38.3,56,51.4,16,4149,3.9,0.8,5.5,0.7,2.9,58,0.6,70.7,0.1842,0.109,0.4059,0.1324,0.1685,472731,286518,984942,288650,326219,435174,250882,1016353,364117,504444,-0.02,56,5.5,40.1,59.5,0.42,3.33786841939178,47.1406417642657,NA,NA,NA,0.367
Germany,DEU,66.5,84.6,54.8,48.2,61.9,82.3,4006,48363,82.8,0.9,8.6999999999999993,0.9,3.5,80,0.8,82.3,0.1289,0.0981,0.3858,0.1574,0.2299,5302850,4012412,15553328,6297886,8148873,5025863,3854471,15370417,6316024,10277538,-0.16,30.7,27.7,27,77.5,0.27,2.04610335634104,59.0447447079766,NA,NA,NA,0.189
Ghana,GHA,32.2,40.5,31.5,23.4,38,51,66,2225,29.5,0.6,6.6,0.7,3.2,41,0.4,62.8,0.3744,0.1864,0.3427,0.0521,0.0444,5524932,2717481,4875985,743757,598387,5460943,2752601,5177959,784517,703686,2.17,14.9,0.4,42.3,57.3,3.34,3.49288612007447,46.5679697779238,17.581178003716,9.69340890070664,4.91848681267038,0.736
Greece,GRC,54.2,78.4,44,37.6,49.1,58.2,217,19518,11.1,0.9,7.3,0.8,3.1,45,0.7,70.599999999999994,0.1453,0.1034,0.396,0.131,0.2243,794918,577134,2080443,656404,1057317,745909,519819,2119995,732936,1322176,-0.06,49.7,30.2,36.7,79.7,0.22,2.44045620581628,62.6131900237989,30.770633412984,5.877454155531,0.412858768009841,0.167
Grenada,GRD,8.6,18.6,28.4,10.3,46.4,62.9,1,10790,0.1,0.8,-,0.5,-,52,-,-,0.2323,0.1414,0.4005,0.1169,0.1089,13709,8034,23104,6734,5774,12564,7959,22187,6490,6539,0.44,NA,NA,NA,36.5,0.76,NA,NA,NA,NA,NA,NA
Guatemala,GTM,21.2,50,25,11.4,42.2,49.1,78,4547,17.3,0.7,5.6,0.6,2.7,27,0.5,58.2,0.3368,0.1976,0.3645,0.0541,0.047,2944145,1705730,3065933,431417,363460,2833432,1683546,3186816,496743,442066,1.75,NA,NA,53,51.8,2.68,4.80571376455854,60.7002519275599,38.7049500088093,22.7042923260376,2.17867427263445,0.511
Guinea,GIN,27,57.2,23,8,47.8,31.3,12,945,13.1,0.5,3.1,0.3,2.9,28,0.4,52.1,0.412,0.1932,0.3085,0.0473,0.0391,2601221,1215654,1933141,287448,218803,2559918,1204366,1930977,305420,270492,2.61,NA,NA,39.4,36.5,3.54,6.25081903910384,37.4313114859481,32.3326621749476,24.3451653845623,3.74178396138955,0.727
Guinea-Bissau,GNB,14,23.4,17.8,4.6,37.6,24.1,2,792,1.9,0.5,2,0.1,2.8,16,-,-,0.4317,0.2038,0.3024,0.0312,0.0308,417810,192451,275416,29549,25291,414105,200370,307387,30661,34064,1.86,NA,NA,NA,44.2,3.41,NA,NA,NA,NA,NA,0.808
Guyana,GUY,27.9,20.3,36.2,12.3,49.3,50.5,4,5046,0.8,0.7,6.7,0.4,2.9,37,0.5,61.9,0.2391,0.2123,0.3948,0.0837,0.0701,91317,81294,154825,29385,21325,88025,77987,141385,33386,31275,0.32,NA,NA,44.6,26.8,0.83,3.79520268281347,54.7104564832123,30.5961242821986,15.7625384499905,3.54570092144633,0.695
Haiti,HTI,31.5,48.3,21.1,10.6,48.4,28.9,9,841,11.1,0.5,4.9000000000000004,0.4,2.9,20,0.4,49.2,0.3121,0.2071,0.3845,0.053,0.0433,1719961,1145113,2110294,280630,210451,1734566,1146741,2145209,305584,269228,1.34,23.7,2.2,60.8,57.1,2.9,4.29334977105548,40.7469196228259,31.5805965857109,18.1407067541549,4.45894978482497,0.105
Honduras,HND,21.6,27.7,26.5,12,41.8,39.5,24,2526,9.4,0.6,5.6,0.5,2.7,29,0.5,63.6,0.302,0.2103,0.3779,0.0558,0.054,1411537,969302,1657260,233735,221779,1377319,972843,1832780,281525,277260,1.6,27.8,1.7,47.1,58.4,2.75,4.46749153441871,50.9613545690877,34.9589133154963,21.9217217688189,3.21503048110714,0.229
Hungary,HUN,56.4,55.5,52.2,36.6,58.9,68.2,155,16045,9.7,0.8,6.6,0.7,3.5,46,0.7,75,0.1454,0.1043,0.4217,0.1217,0.2069,731542,526933,2075763,552876,773157,689739,492388,2044664,636107,1248658,-0.25,28.3,22.4,28.2,71.9,0.07,2.60312415455511,56.494960806271,NA,NA,NA,0.232
Iceland,ISL,35.3,37.2,44,46.4,43.2,81.2,26,74278,0.3,0.9,9.6,0.7,3.9,76,0.7,79.7,0.2031,0.1285,0.3944,0.1194,0.1547,36394,22748,70227,20762,25546,34837,22317,68095,21111,28697,1.13,13.7,12.6,28,93.9,0.81,NA,NA,NA,NA,NA,NA
India,IND,34.9,47.4,52.4,42.7,47.7,54.4,2669,1971,1354,0.6,7.2,1,2.4,41,0.4,59.1,0.2631,0.1751,0.4156,0.0791,0.0672,185017089,123423531,285275667,52444817,42054459,163844572,108739780,265842319,52447038,47003975,1.17,17.2,1.2,35.2,34.9,2.37,4.57218899216434,55.7789818886861,50.2503385891706,29.3934967122714,0.973039121889111,NA
Indonesia,IDN,50.2,68.1,54.3,39.4,72.5,53.7,1042,3963,262.9,0.7,6.4,0.6,3.2,38,0.5,62.8,0.2387,0.1676,0.4256,0.0899,0.0782,32473246,22786920,58249570,11033838,9099773,31264034,21960130,55409579,12968005,11781271,0.86,82.7,3,36.8,56.6,2.27,3.85945273578042,60.7540293734323,37.7689346476103,20.2440162901147,2.27401695384585,0.803
Iran,IRN,44.7,37.7,33.7,34.6,28.7,50.3,419,5105,82,0.8,2.5,0.6,2.5,28,0.6,65.5,0.2411,0.1336,0.4894,0.0772,0.0587,10472844,5806034,21235038,3220074,2316677,10000028,5537561,20327384,3337420,2670254,1.24,19.4,0.4,44.5,75.9,1.71,NA,NA,NA,NA,NA,0.743
Iraq,IRQ,22.1,42.2,19.5,11.8,29.5,29.2,212,5401,39.3,0.7,4.0999999999999996,0.3,1.6,18,0.4,53.7,0.3702,0.1983,0.3559,0.0423,0.0333,7349868,3918433,6919569,805397,576593,7041405,3788157,6914856,839137,719240,2.55,NA,NA,NA,70.9,3.06,7.70302801425421,58.5708029842231,47.9404119577838,23.7070575993636,0.150255715944381,0.446
Ireland,IRL,63.9,78,45.1,40.2,52.8,77.4,376,78282,4.8,0.9,9.1999999999999993,0.8,3.6,73,0.8,77.5,0.2115,0.1208,0.4219,0.1077,0.1382,560338,316239,1098058,278836,331772,534570,308872,1085794,278498,383592,1.15,20,19.8,31.3,63.7,1.14,2.7664192088682,63.5587102253769,21.2175812175812,2.13122213122213,0.258440258440258,0.174
Israel,ISR,44,52.4,39.9,42.2,41.5,68.8,369,41685,8.9,0.9,7.8,0.8,2.2999999999999998,61,0.8,71.8,0.2676,0.1567,0.372,0.084,0.1196,1187819,694142,1648262,363262,467980,1133365,665721,1579399,365709,569816,1.51,41,18.7,42.8,92.6,1.64,3.14194539238823,73.045016298103,22.5107106854839,3.22391633064516,0.195942540322581,0.376
Italy,ITA,47.5,78.5,47.5,36.8,61.9,65.5,2075,35004,59.3,0.9,7.7,1,3.2,52,0.8,74.2,0.1345,0.0961,0.4086,0.14,0.2208,4292431,3005402,12577764,4243735,5949560,4097732,2989764,12921614,4493581,7831076,0.19,26.9,19.6,31.9,71,0.29,2.39913102168772,62.0259747882171,26.2291233264424,2.56071435558657,0.334059383987322,0.11
Jamaica,JAM,20.1,24.3,24.7,10,43.1,61.2,15,5109,2.9,0.7,7,0.3,3,44,0.5,65.900000000000006,0.252,0.1795,0.3806,0.0963,0.0917,360199,255102,518583,133890,121969,347436,248927,550410,136442,135612,0.68,30.7,5.2,35,56.3,0.82,3.06092285168149,42.0768936299073,24.3342758934119,14.0797920680101,3.66941128497298,0.21
Japan,JPN,49.3,70.1,53.6,46.6,70,71.7,4970,39074,127.2,0.9,8,1,3.6,73,0.8,78.5,0.1249,0.0947,0.368,0.1206,0.2918,8047183,6254352,22867385,7564067,16034973,7623767,5635377,23317140,7570732,20592496,-0.21,29.2,9.6,37.9,91.8,-0.14,2.33062334276867,55.7911783846323,NA,NA,NA,0.019
Jordan,JOR,31.8,42.9,47.8,27.8,48.6,55.8,42,4098,10.3,0.7,3.9,0.5,3,49,0.6,64.400000000000006,0.3305,0.1977,0.3839,0.0511,0.0367,1837696,1126567,2250328,290633,194464,1738935,1012812,1903996,262827,202386,2.05,80.4,12.1,39.7,91.4,2.43,4.71876280946192,83.6060486153309,39.3603939871553,5.42637154570414,0.262064347563847,0.044
Kazakhstan,KAZ,58.8,28.2,26.6,28,52.8,59.5,177,9624,18.4,0.8,2.9,0.9,3.1,31,0.7,68.099999999999994,0.2613,0.1297,0.4223,0.1025,0.0843,2438148,1262766,3960188,856180,567269,2550535,1212645,4102845,1099923,1041450,1.04,40.3,8.7,26.3,57.7,1.29,3.49662788873433,52.871252725844,29.7130198036951,14.5627614349167,1.18935311219599,0.538
Kenya,KEN,45.9,68.6,37.1,20.7,67.1,40.7,88,1725,51,0.6,5.0999999999999996,0.6,2.7,27,0.5,56.8,0.3871,0.2045,0.3375,0.0401,0.0307,10412321,5486641,9046946,1053202,750988,10310908,5460372,9021207,1093305,892046,1.69,22.9,1.9,48.5,28,4.23,3.63882380648678,49.9749995846504,15.3982350094453,9.96269692871154,4.61700153965463,0.855
Kiribati,KIR,10.7,4.4,23.4,7.3,32.3,45,0,1594,0.1,0.6,-,0.3,-,-,0.5,-,0.2847,0.2024,0.4005,0.0665,0.0459,16223,11171,21530,3350,2004,15604,11459,23249,4084,3122,1.13,59.1,38.8,NA,55.6,3.19,NA,NA,NA,NA,NA,NA
Kuwait,KWT,40.9,47.5,50.2,36.5,42.2,61.5,142,30358,4.7,0.8,3.8,0.8,3.2,41,0.6,61.1,0.2429,0.1496,0.5239,0.0543,0.0292,378778,245354,984813,90583,38614,348512,202642,583632,72026,48752,1.46,NA,NA,NA,100,1.78,NA,NA,NA,NA,NA,0.765
Kyrgyz Republic,KGZ,29.7,64.7,49.9,29.8,64.8,56.1,8,1254,6.1,0.7,5.0999999999999996,0.6,2.9,29,0.6,70.3,0.3039,0.157,0.4002,0.0809,0.058,930455,475915,1172719,210994,132134,882137,460604,1214624,271480,213835,1.05,50.3,3.3,33.4,36.9,2.03,4.21447820303052,50.1242103740402,41.8064970292292,26.0391950705597,4.51879134931027,0.487
Laos,LAO,18.9,70.4,52,19.4,45.9,46.8,18,2568,7,0.6,2.4,0.2,3.2,29,0.5,60.6,0.3125,0.206,0.3829,0.0573,0.0413,1177297,763757,1407823,206977,139665,1149727,770497,1443774,219833,168046,1.51,51.9,7,36.7,36.3,3.28,NA,NA,NA,NA,NA,0.634
Latvia,LVA,56,97.3,54.7,47.3,51.1,67.2,35,18007,1.9,0.8,7.4,0.7,3.3,58,0.7,74.7,0.1532,0.09,0.4041,0.1477,0.205,148120,87372,380817,125401,128151,140028,81965,379359,152548,257471,-1.08,46.5,24.2,34.5,68.3,-0.93,2.57805272695673,57.8360895207502,NA,NA,NA,0.547
Lebanon,LBN,27.3,62,47.9,23.8,49.3,45.5,56,9090,6.2,0.8,4.5999999999999996,0.5,2.2000000000000002,28,0.5,64.8,0.2075,0.1498,0.4669,0.0962,0.0796,581015,417739,1296250,250653,187001,554175,401357,1257273,275670,248479,-1.1,50.2,34.1,NA,88.9,0.75,NA,NA,NA,NA,NA,0.133
Lesotho,LSO,24.4,18,33.2,20.6,45.9,44.5,3,1266,2.3,0.5,6.6,0.1,2.8,41,0.4,51.5,0.313,0.1926,0.3886,0.0498,0.056,309991,181874,373323,52441,57030,306321,197452,391901,45726,53275,0.28,64.3,0.4,63.2,29,2.83,3.34493465723311,25.0355790711298,22.7281513047962,15.7529328103269,10.8319031588125,0.313
Liberia,LBR,14.3,29.1,40.5,19.9,71.5,37.4,3,677,4.9,0.4,5.4,0.3,3.1,32,0.3,48.3,0.4335,0.2035,0.3001,0.0346,0.0283,1111479,516136,747983,89150,70252,1087871,516137,774615,86231,73442,2.5,32,2,32,52.1,3.41,4.94573145418242,36.5603270513394,25.3597090936181,21.4826236115207,5.06228099101686,0.889
Libya,LBY,23.2,36,18.9,9.1,31,39,46,7050,6.5,0.7,2.2000000000000002,0.1,1.7,17,-,-,0.3365,0.1521,0.4157,0.0552,0.0404,1184755,534245,1491461,186913,129177,1134084,513728,1373086,193560,149526,1.58,NA,NA,NA,80.7,1.68,NA,NA,NA,NA,NA,0.259
Liechtenstein,LIE,43.1,22.9,34.6,31.1,56.9,87.9,6,164993,0,0.9,-,0.8,-,-,-,-,0.152,0.1129,0.4022,0.1441,0.1888,3259,2238,7869,2711,3403,2688,2181,7872,2930,3986,0.8,NA,NA,NA,14.4,0.81,2.32024833473453,60.5315915410981,NA,NA,NA,NA
Lithuania,LTU,43.5,81.5,33.9,34.4,72.1,67.8,53,18530,2.9,0.9,7.5,0.8,3.3,59,0.7,72.900000000000006,0.1526,0.1023,0.3896,0.151,0.2045,213802,144679,528706,183854,190025,202948,134822,535485,228585,368558,-1.08,34.2,22.9,37.9,68,-0.31,2.32058319896644,36.8674426899053,NA,NA,NA,0.284
Luxembourg,LUX,31,41.7,27.3,37.9,52.8,84.7,70,117800,0.6,0.9,8.8000000000000007,0.9,-,81,0.7,76.099999999999994,0.1673,0.1178,0.4393,0.1219,0.1537,54099,37946,141535,39289,43595,51004,36061,134531,37337,52984,1.98,23.8,20.4,30.4,91.5,1.55,2.41257028293851,57.9464435547671,NA,NA,NA,NA
Madagascar,MDG,30.1,41.9,57.8,19.2,55.4,32.4,12,457,25.9,0.5,5.2,0.3,3.1,25,0.4,45.6,0.3886,0.2006,0.3302,0.046,0.0347,5278838,2717399,4443147,611364,425122,5196036,2689874,4456691,627315,509951,2.5,NA,NA,41,38.5,4.48,4.94926350622938,61.0075783656768,22.2801816254207,17.391652793802,4.94019105036751,0.194
Malawi,MWI,25.5,23.3,20.7,15.3,50.7,37.6,7,369,19.1,0.5,5.5,0.3,3.2,32,0.4,50,0.4587,0.2051,0.2796,0.0298,0.0268,4843107,2151417,2944936,303803,249219,4878983,2195939,2982195,328092,318938,3.31,23.5,5.2,46.1,17.4,4.19,4.50891809012562,55.5863609668397,17.3087369124498,12.9997153263008,8.76573903731941,0.791
Malaysia,MYS,51.4,73.2,61.3,57.1,58.5,72,359,11191,32,0.8,6.9,0.9,3.5,47,0.6,70,0.268,0.1663,0.4086,0.0881,0.069,4504562,2760244,6737826,1458038,1066627,4246681,2670186,6604776,1418280,1184863,1.37,40.2,1.1,46.2,77.2,2.13,4.55755678188844,65.0282207818047,31.8146119773396,12.1302239860938,1.09008659957904,0.57
Maldives,MDV,21.8,25.5,40.2,18.1,45.5,58.3,5,11462,0.5,0.7,-,0.5,-,31,-,-,0.2213,0.1724,0.4891,0.0691,0.0481,44260,37826,104217,12942,8417,42477,29745,87465,14123,10432,-0.06,NA,NA,38.4,40.7,2.93,5.39992241878289,38.5035455515216,54.1456312905152,35.8590120936833,0.546285927543981,NA
Mali,MLI,23.4,25.5,29.5,13,53.2,32.1,20,1118,17.9,0.4,5.4,0.3,2.2999999999999998,32,0.3,49.7,0.4769,0.19,0.2661,0.0368,0.0302,4689121,1768772,2395566,367710,293560,4636685,1945582,2806830,352170,297401,3.02,45.1,3,40.1,43.9,4.86,5.81114539185664,59.7772302478807,23.0699632559553,14.9310292477724,3.04284405988252,0.852
Malta,MLT,35,32.9,22.4,23.6,49.1,72.3,15,30596,0.5,0.9,8.1999999999999993,0.8,-,54,0.7,74.2,0.1438,0.1033,0.411,0.1288,0.213,33934,24445,97685,29533,44644,31823,22811,90264,29353,52775,0.26,27.7,18.6,28.1,94.7,0.38,2.85274524666119,69.3040829400306,NA,NA,NA,NA
Marshall Islands,MHL,7,4.4,18.1,7.2,30.7,52.3,0,3843,0.1,0.7,-,0.2,-,-,-,-,0.3294,0.1909,0.3735,0.0592,0.047,13090,7568,14834,2269,1805,12575,7308,14270,2341,1857,1.55,NA,NA,NA,77.8,0.61,NA,NA,NA,NA,NA,NA
Mauritania,MRT,9.9,39.5,24.2,17,36.3,39.5,5,1097,4.5,0.5,3.8,0.2,2.7,27,0.4,51.6,0.3756,0.1971,0.3391,0.049,0.0392,755788,387140,630693,88888,66407,748671,402462,727518,107201,90707,2.17,54.3,3.2,37,55.3,4.28,NA,NA,NA,NA,NA,0.713
Mauritius,MUS,27.3,42.3,34.9,15.1,29.1,66.2,14,11246,1.3,0.8,8.1999999999999993,0.7,3.4,51,0.6,64.5,0.1944,0.1406,0.4311,0.1231,0.1108,137010,98480,297527,80952,63230,131113,95472,297158,88785,89638,0.59,38.6,2.9,35.9,40.8,0.11,3.47529761733847,NA,NA,NA,NA,0.466
Mexico,MEX,45.5,71.2,50.8,46.9,73.9,57,1224,9360,130.8,0.8,6.2,0.9,2.4,28,0.6,65.2,0.2601,0.1697,0.4106,0.0829,0.0767,17111199,11069260,25604223,4879048,4373807,16349767,10762784,27223720,5784176,5491581,1.12,17.3,5.3,48.2,80.7,1.59,3.74017497083236,61.9616748909998,35.9795035669364,15.7298880893403,1.47485551317286,0.587
Micronesia,FSM,21,14.2,56.9,18.8,36.3,53.1,0,3188,0.1,0.6,-,0.1,-,-,-,-,0.2888,0.1894,0.4032,0.0724,0.0462,15046,9710,19903,3572,2130,14542,9696,21395,3842,2600,-0.52,NA,NA,61.1,22.9,1.05,NA,NA,NA,NA,NA,NA
Moldova,MDA,46.5,42.9,31.1,36.4,56.7,47.1,11,3189,3.6,0.7,5.9,0.8,3,33,0.6,74.5,0.1831,0.1127,0.4313,0.1326,0.1403,317243,196874,738103,205693,186949,298673,182456,712892,240555,285058,-1.05,47.8,5.4,26.8,42.8,-0.07,NA,NA,NA,NA,NA,0.427
Monaco,MCO,11.1,23.3,26,31,35.3,83.1,6,168011,0,-,-,0.6,-,-,-,-,0.0941,0.0952,0.3046,0.1547,0.3515,1497,1538,4779,2370,4817,1415,1406,4644,2417,6057,0.24,NA,NA,NA,100,0.51,NA,NA,NA,NA,NA,NA
Mongolia,MNG,37.6,77.3,37.8,30.8,52.6,60.8,13,4095,3.1,0.7,6.5,0.6,3.2,37,0.6,63.9,0.2696,0.1493,0.4529,0.0804,0.0478,435596,239495,694481,115560,60966,418524,233459,740334,139129,90482,1.18,45.4,4.5,34,68.7,1.63,4.32143522139053,62.6857334376047,28.019215730086,12.5349123003016,1.73351208431088,0.315
Montenegro,MNE,36.5,55.4,32.1,29.5,53.5,58.8,6,8976,0.6,0.8,5.7,0.7,3.1,45,0.6,67.599999999999994,0.1814,0.1278,0.3965,0.1341,0.1602,57402,40220,120374,40099,42345,53217,37720,121461,41670,55351,-0.28,NA,NA,31.9,67.5,0.54,3.21401150633056,71.0115375412241,NA,NA,NA,NA
Morocco,MAR,34.6,56.8,51.5,29.5,32.7,55.9,118,3274,36.2,0.7,5,0.7,2.9,43,0.5,66.3,0.2704,0.1655,0.4064,0.0867,0.0711,4905626,2953523,7126781,1533771,1225307,4709333,2930708,7325709,1548315,1302581,0.97,51.3,1,40.9,63.5,2.14,5.2361663882699,60.8265735302946,47.4080849245504,17.3334651745071,0.43578216542065,0.566
Mozambique,MOZ,26.5,29.3,18.2,17,43.8,38.4,15,489,30.5,0.4,3.9,0.4,2.9,23,0.4,50.7,0.4557,0.1991,0.2828,0.0331,0.0293,6950800,2997529,3949085,485454,430797,6766373,2994927,4564031,509430,449771,2.46,28.8,5.5,45.6,37.1,4.35,4.36636284544404,52.1743462747202,14.877044705669,12.5892791379012,6.64101938407576,NA
Myanmar,MMR,30.3,59.2,50.4,19.5,59.1,38.2,67,1236,53.9,0.6,3.8,0.2,2.6,29,0.5,59,0.2597,0.17,0.4276,0.0822,0.0604,7524869,4852122,11861971,2179616,1489807,7173333,4769412,12337482,2472681,1928778,0.91,26.2,4.9,NA,31.1,1.74,4.22379426809677,56.401487339903,45.0774753391504,23.0213612092663,2.5848509823457,0.59
Namibia,NAM,32,46,30.9,10.1,44.2,54.7,15,5634,2.6,0.6,6.3,0.5,3.1,53,0.4,58.9,0.3568,0.2027,0.3547,0.0468,0.039,473937,267106,449132,54589,43596,464453,265882,483811,68619,58948,1.95,42.9,10.5,59.7,52,4.2,4.2382239682248,26.0105244398108,25.6248271443233,19.0705734895891,6.85888067116906,0.76
Nauru,NRU,9.1,4.4,25.9,12,32,50.6,0,8845,0,-,-,0.1,-,-,-,-,0.3087,0.1635,0.4257,0.0672,0.0348,1337,734,2115,262,122,1684,866,2050,396,219,0.53,39.5,49.2,NA,100,-0.06,NA,NA,NA,NA,NA,NA
Nepal,NPL,43.7,22,41.9,28.1,33.5,44.7,29,985,29.6,0.6,5.2,0.7,3,31,0.5,62.8,0.2836,0.2093,0.3838,0.0664,0.0569,4526786,3276431,5251553,954836,852969,4073642,3070843,6387365,1059360,874092,1.16,34.7,7.7,32.8,20.6,3.15,4.23936444257142,50.6371136198821,39.8863868629367,29.5685367865323,1.72671664403536,0.86
Netherlands,ANT,73.7,86,79.1,70.2,61.1,81.7,914,53200,17.2,0.9,8.9,0.9,3.5,82,0.8,79.5,0.1611,0.1191,0.3847,0.1369,0.1982,1425547,1049000,3334064,1177657,1558241,1358894,1008763,3313238,1188613,1866380,0.39,NA,NA,30.3,92.2,0.74,2.22639156224361,NA,NA,NA,NA,0.354
New Zealand,NZL,55,36.7,58.1,45.2,59.4,77.2,203,41807,4.9,0.9,9.3000000000000007,1,3.8,87,0.8,77.900000000000006,0.1963,0.1292,0.3998,0.1193,0.1554,496802,328327,996857,285989,358228,469853,308132,972566,301692,407031,0.79,NA,NA,36.2,86.7,1.01,2.67282310110229,60.1069265229842,NA,NA,NA,0.485
Nicaragua,NIC,41.7,39.9,39.2,45.9,51.8,41,13,2087,6.3,0.7,3.6,0.4,2.7,25,0.5,66.400000000000006,0.2563,0.1951,0.4241,0.0663,0.0582,811731,609962,1254683,188591,159140,777984,600567,1376052,222766,201965,0.98,NA,NA,47.1,59,1.45,4.91987664489436,54.9887946060873,36.1397896833758,22.2498898615128,2.4517784971364,0.544
Niger,NER,32.5,44.4,20.1,21.9,45.5,28.5,9,415,22.3,0.4,3.8,0.2,2.6,34,0.3,48.5,0.5058,0.1999,0.2357,0.0317,0.0268,5805102,2246670,2582123,357832,293430,5713815,2306285,2784464,364774,317866,3.19,24,0.2,34,16.6,4.27,5.91684917249255,58.6916276780388,16.2036509261786,12.1316627011741,4.34394847753083,0.666
Nigeria,NGA,26.3,44.6,43.8,19.9,56.7,33.7,423,2157,195.9,0.5,4.4000000000000004,0.5,2.1,27,0.3,47.5,0.417,0.2027,0.306,0.0413,0.033,45571738,22022660,32808913,4327847,3329083,43674769,21358753,32686474,4514264,3733801,2.43,20.2,0.9,48.8,52,4.23,4.90142866431412,54.9920775332381,21.3196853443353,9.85944895916527,2.76830846028596,0.85
Niue,NIU,11,4.4,21.8,9.1,29.9,57.9,0,5800,0,-,-,-,-,-,-,-,NA,NA,NA,NA,NA,NA,NA,NA,NA,NA,NA,NA,NA,NA,NA,-0.03,18.2,10.3,NA,46.2,1.69,NA,NA,NA,NA,NA,NA
North Korea,PRK,19,7,11.3,12.2,27.3,35.6,28,1700,25.6,-,1.1000000000000001,0,2.1,14,-,-,0.2047,0.1468,0.44,0.112,0.0965,2677578,1894091,5659446,1369199,859151,2571118,1869799,5624034,1503086,1615964,0.53,NA,NA,NA,62.4,0.82,2.52940626434054,58.5660270534869,NA,NA,NA,0.095
North Macedonia,MKD,37,41.7,33.1,25.4,44.8,57.7,13,6078,2.1,0.8,5.9,0.7,3.1,37,0.5,69,0.1616,0.1265,0.4447,0.1255,0.1417,177553,139250,480191,131380,131674,165992,129770,465145,135407,169609,0.17,NA,NA,33.7,58.5,0.45,NA,NA,NA,NA,NA,0.562
Norway,NOR,68.2,58.6,58.2,58.5,64.4,87.1,436,81911,5.3,1,9.9,1,3.5,84,0.8,81.2,0.1796,0.1202,0.4075,0.1184,0.1743,503013,336597,1150762,328865,442232,478901,320720,1077357,318398,510594,1.01,17.9,18.1,26.8,83,1.4,2.21543726122912,56.8725324854293,NA,NA,NA,0.151
Oman,OMN,35.3,41.1,41.6,25.4,56,65.7,79,17124,4.6,0.8,3,0.8,3,52,0.6,63.9,0.3015,0.1735,0.4481,0.0402,0.0368,561791,331000,928812,77558,64152,533949,299516,699821,68427,69663,2.03,25.4,1.1,NA,86.3,5.25,8.01771089432877,NA,NA,NA,NA,0.597
Pakistan,PAK,24.1,41.7,38.7,19.9,49.7,38.7,313,1557,200.8,0.6,4.2,0.5,1.9,33,0.4,54.9,0.3601,0.193,0.347,0.0555,0.0444,42923925,23119205,41589381,6526656,4802165,41149694,21952976,39442046,6423993,5570595,1.43,43.9,2.1,30.7,37.2,2.53,6.80447866248035,47.87118498276,54.8688623727866,33.2913090739036,0.200744587851637,0.748
Palau,PLW,8.2,8.8,24.5,11.5,32,56.2,0,13338,0,0.8,-,0.3,-,-,-,-,0.1868,0.1586,0.4533,0.1068,0.0945,2090,1723,6026,853,501,1961,1716,3804,1463,1548,0.39,NA,NA,NA,81,1.77,NA,NA,NA,NA,NA,NA
Panama,PAN,40.5,44.6,46.4,35.1,35.3,63.8,65,15679,4.2,0.8,7.1,0.7,3.2,37,0.5,64.900000000000006,0.2556,0.1659,0.4031,0.0854,0.0901,508131,329250,794662,165129,160516,487205,316796,774905,167317,190171,1.27,8,2.1,50.7,68.4,2.06,3.67008259406546,53.6522746143425,31.7582921819691,14.2649565179391,2.15225276406066,0.612
Papua New Guinea,PNG,10,31.8,34.8,11.6,41.4,38.7,20,2333,8.4,0.5,6,0.3,2.9,28,0.4,-,0.3198,0.1987,0.3768,0.0583,0.0464,1182539,731453,1397903,218529,164734,1139358,711164,1337143,204717,171916,1.71,NA,NA,50.9,13.3,2.51,5.43010129941242,56.7782153612872,NA,NA,NA,NA
Paraguay,PRY,39.5,34.6,26.8,28.2,35.3,55.9,41,5932,6.9,0.7,6.2,0.6,2.9,29,0.5,67.2,0.2341,0.1771,0.4263,0.0837,0.0788,857303,640400,1532692,306100,267351,826470,633525,1532851,295890,299103,1.18,24.4,6.5,51.7,62.2,1.71,4.63244207422508,55.1655412169418,31.8805627855336,16.3557270526565,2.22056387761417,0.179
Peru,PER,43.2,38.3,51.7,45,63,57.7,225,6994,32.2,0.7,6.6,0.8,3,35,0.6,68.400000000000006,0.2543,0.1721,0.4103,0.0828,0.0805,4131985,2756024,6279595,1266595,1207707,3984546,2736394,6815159,1375708,1361276,0.95,NA,5,45.3,78.3,1.44,3.75218227894024,58.9966578321306,33.027703085266,15.4467123466446,1.87726464422099,0.618
Philippines,PHL,38.5,63.6,43.8,38.2,49.8,50.3,331,3103,106.5,0.7,6.7,0.9,2.5,36,0.5,65,0.3242,0.1916,0.3737,0.0618,0.0486,18060976,10680325,20777741,3116485,2155840,17331781,10243047,20027153,3633301,3154166,1.57,39,7.4,44.4,47.4,1.99,4.22666134737057,56.7114873601779,35.9811398324449,18.2572676311997,3.0059726060572,0.807
Poland,POL,50.9,61.7,47.5,48.9,58.9,67.9,586,15316,38.2,0.9,6.7,0.9,3.3,60,0.7,73.7,0.1483,0.098,0.4333,0.1332,0.1872,2918518,1928637,8384017,2424638,2867315,2756968,1823894,8203646,2675351,4299341,-0.13,28.9,20.6,30.8,60,-0.25,2.80621007003925,58.1927221380937,31.5477797172386,8.08605207752245,0.988525189997181,0.069
Portugal,PRT,52.8,50.5,67.7,55,63,77.3,238,23147,10.3,0.8,7.8,0.9,3.7,64,0.8,74,0.1358,0.1094,0.4149,0.1308,0.2092,716102,580074,2109693,615925,860198,682582,547122,2164745,731334,1294899,0.04,30.3,13.2,33.9,66.3,0.47,2.65575991909483,66.7889248112411,26.6326209381231,5.08387341784802,0.627614017379312,0.22
Qatar,QAT,33.1,32.7,48,38.8,32.7,68,192,71251,2.7,0.9,3.2,0.8,3.3,62,0.6,60.8,0.1284,0.1178,0.7066,0.0353,0.0119,158702,203703,1439364,66561,19067,155211,84323,287575,19600,10068,2.27,NA,NA,NA,99.2,2.41,NA,NA,NA,NA,NA,0.708
Romania,ROU,48.9,42.8,35.3,36.7,52.4,65.7,240,12234,19.6,0.8,6.4,0.7,3.4,47,0.6,71.2,0.1412,0.1031,0.4626,0.1173,0.1758,1545196,1126997,4993886,1176814,1516472,1463700,1068817,4860408,1322048,2228555,-0.33,33.1,21.3,27.3,54.2,-0.38,2.87931735565844,53.5148907228199,31.4882461585539,10.5981290026448,0.940553211951651,0.207
Russia,RUS,42.9,34.1,50.1,37.6,52.6,51.4,1654,11253,147,0.8,2.9,0.9,1.9,28,0.7,68.900000000000006,0.1724,0.0954,0.4338,0.1431,0.1553,12551611,6920070,30240260,8808330,7033381,11881297,6602776,31245104,11467697,14971679,-0.08,56.8,23.4,41.2,74.8,0.18,2.58489995059062,50.3422525762021,32.7444067811531,10.936126179892,1.5673447648616,0.376
Rwanda,RWA,33.8,36,31.9,24.1,38,43.6,9,727,12.5,0.5,3.4,0.7,3,56,0.4,56.1,0.3995,0.201,0.3306,0.0424,0.0265,2564893,1280948,2001629,241462,134648,2513993,1273853,2201132,298163,201710,2.45,NA,5.2,50.4,17.4,2.86,4.25929245684135,60.268591359556,21.2733674957532,10.9216292921779,5.32598204514386,0.28
Samoa,WSM,20.2,14.1,28.9,9.2,30.7,66.1,1,4194,0.2,0.7,-,0.3,-,-,-,-,0.2931,0.1961,0.374,0.075,0.0618,30825,20519,39011,7780,5513,28900,19439,37200,7505,7082,0.6,35.9,17.3,NA,17.9,-0.47,6.75141966759003,NA,NA,NA,NA,NA
San Marino,SMR,22.3,33.9,20.8,16.2,25,80.5,2,48888,0,-,-,0.4,-,-,-,-,0.1473,0.1164,0.3912,0.1428,0.2024,2662,2091,6310,2367,3123,2379,1894,7081,2520,3805,0.74,NA,NA,NA,97.5,0.67,NA,NA,NA,NA,NA,NA
São Tomé and Príncipe,STP,8.2,2.7,18.7,7.2,33.5,44.6,0,2224,0.2,0.6,-,0.1,-,46,-,-,0.3977,0.2159,0.3161,0.0417,0.0287,42690,23088,32900,4095,2631,41277,22487,33834,4700,3420,1.72,NA,NA,30.8,74.4,3.33,3.83645112284655,50.2368923318738,16.9501500968919,11.2802678662896,6.09985811487429,NA
Saudi Arabia,SAU,34.3,74.4,32.6,44.8,50.6,59.7,782,23418,33.4,0.9,1.9,0.8,2.6,49,0.6,62.9,0.2484,0.1538,0.502,0.0595,0.0363,4327830,2741371,10350028,1254921,657395,4159242,2515188,6804479,778467,584577,1.45,31.4,2.7,45.9,84.3,2.17,NA,NA,NA,NA,NA,0.224
Senegal,SEN,25.4,35.1,45.4,18.5,57,48.2,20,1249,16.3,0.5,6.1,0.5,3.1,45,0.4,57.2,0.4038,0.2035,0.3195,0.0421,0.031,3194454,1596896,2327424,283480,212332,3160111,1606084,2700698,378932,275957,2.39,25.8,0.6,40.3,48.1,3.73,8.66164024149629,22.9019734646074,53.1924071098707,37.446799414716,1.17106662623547,0.747
Serbia,SRB,48.8,46.2,55.1,56.6,49.7,59.2,50,7215,7,0.8,6.4,0.7,3.2,39,0.8,72.099999999999994,0.1407,0.1104,0.4119,0.137,0.2,508242,399435,1459413,464881,585705,478247,374718,1429176,495663,816685,-0.46,40.6,39.3,38.7,56.4,-0.07,2.87916488134907,56.9993158850526,NA,NA,NA,0.396
Seychelles,SYC,9.8,33.4,20.7,19.9,47.1,71.1,2,16412,0.1,0.8,-,0.6,-,66,0.7,-,0.1885,0.1239,0.4903,0.1146,0.0827,9297,6283,25209,5545,3272,8798,5607,21851,5455,4664,0.77,42.1,8.2,NA,57.5,1.26,3.77862155147554,NA,NA,NA,NA,NA
Sierra Leone,SLE,25,45.8,44.8,25.3,52.8,32.8,4,530,7.7,0.4,4.7,0.3,3.2,30,0.4,49.1,0.4138,0.1883,0.3221,0.0389,0.037,1369942,610396,1020741,121733,100712,1371537,636880,1112946,135664,144382,2.38,68.6,10.2,34,42.9,3.12,5.89907498760491,34.3596230206818,33.3348131942369,26.6759966221595,4.68843739164329,0.801
Singapore,SGP,56.2,64.5,64.6,41.4,47.3,80.9,361,64043,5.6,0.9,6.4,1,3.7,85,0.9,71.3,0.128,0.1501,0.5073,0.1058,0.1089,406983,457190,1531088,328024,310123,387665,474676,1618844,328808,366259,1.82,28.3,4.9,45.9,100,1.39,3.29143482965652,49.3,NA,9.5,NA,0.395
Slovakia,SVK,53.5,46,34.1,37.9,52.8,71.5,107,19555,5.4,0.9,7.1,0.7,3.5,50,0.7,75.599999999999994,0.1513,0.1006,0.4461,0.1315,0.1705,423180,280284,1228462,342124,366267,400128,266838,1198747,373452,561120,-0.01,38.1,16.8,23.7,53.8,0,2.80152156429172,52.2284644298684,NA,NA,NA,0.241
Slovenia,SVN,67,73.7,63.3,54.9,72.1,73.7,55,26199,2.1,0.9,7.5,0.8,3.6,60,0.8,80,0.1484,0.0901,0.4073,0.1419,0.2123,160134,98205,449930,148785,192420,151960,91318,406395,149635,253896,-0.31,20.4,17,24.4,55.1,0.56,2.46740138518368,56.1921951492978,NA,NA,NA,0.258
Solomon Islands,SLB,8.4,8.7,18.7,12.4,40.1,44,1,2150,0.6,0.5,-,0.2,-,44,0.4,-,0.3299,0.1982,0.3764,0.0504,0.0451,116397,69914,131201,17844,14461,109604,65874,126681,16704,16417,1.94,NA,NA,NA,24.7,3.91,NA,NA,NA,NA,NA,0.097
Somalia,SOM,15.8,21.5,17.4,0.3,28.5,15.9,7,478,14.7,-,-,0.1,1.7,10,-,-,0.4238,0.1981,0.3093,0.0461,0.0227,2488604,1167807,1881094,278132,106187,2493527,1161040,1755166,264325,161242,2,NA,NA,NA,46.1,4.23,NA,NA,NA,NA,NA,0.222
South Africa,ZAF,44.8,81.5,57.7,33,46.3,61.8,368,6414,57.4,0.7,7.2,0.8,2.6,43,0.4,60.8,0.2794,0.168,0.4237,0.068,0.0609,7894742,4680587,12099441,1782902,1443956,7883266,4804337,11825193,2056988,1992205,0.99,30.4,5.2,62.5,67.4,1.97,3.36220315919585,35.8560469693103,28.416387250587,18.1379543329466,5.35779959251794,0.856
South Korea,KOR,57.3,92.1,71.5,58.7,64.3,74.1,1620,31665,51.2,0.9,8,1,3.1,57,0.8,77.400000000000006,0.1277,0.1118,0.4466,0.1547,0.1592,3401815,3030027,12043626,3927496,3572855,3219589,2764860,11106927,4089033,4678882,0.48,46.9,3.8,35.7,81.4,0.3,3.92930886623476,NA,NA,NA,NA,0.02
South Sudan,SSD,22.6,15.9,24.3,13.6,32.6,22.1,3,237,12.6,0.4,-,0.1,1.5,13,0.3,-,0.4158,0.2128,0.3067,0.0393,0.0253,2238534,1153108,1662409,228875,153502,2152685,1094568,1577062,186571,113930,3.83,NA,NA,46,20.2,4.1,5.9479727880003,42.9899610004532,25.1681613821847,8.96093753776297,1.57136627202486,NA
Spain,ESP,52.9,83,61.9,59.6,61.1,77.1,1428,30768,46.4,0.9,8.1,0.9,3.3,58,0.7,75.400000000000006,0.1502,0.099,0.4361,0.1299,0.1849,3861522,2557504,11134006,3177080,3970417,3650085,2392498,10675873,3319823,5276984,0.78,28,25.7,35.9,80.8,0.33,2.69451775574286,65.3619642893679,33.4488841573216,7.18993831198189,0.361877450045523,0.669
Sri Lanka,LKA,24.2,43,26.4,16.9,41.7,56.7,89,4245,21,0.8,6.2,0.7,3,38,0.6,64.599999999999994,0.2311,0.1458,0.412,0.1048,0.1063,2696379,1700442,4641842,1110481,1023315,2592450,1636401,4789101,1288056,1410734,0.76,28.1,0.2,39.2,18.7,0.85,NA,NA,NA,NA,NA,0.323
St Kitts and Nevis,KNA,8.7,15,26.2,7.1,46.4,64.8,1,17682,0.1,0.8,-,0.5,-,-,-,-,0.1987,0.1346,0.4364,0.1303,0.1,5357,3504,12010,3527,2540,5336,3741,11477,3485,2844,0.73,NA,NA,NA,30.8,0.92,NA,NA,NA,NA,NA,NA
St Lucia,LCA,22.8,30.3,42.4,6.3,54.7,62.1,2,9935,0.2,0.7,-,0.3,-,55,-,-,0.1924,0.136,0.4283,0.1123,0.131,16484,11475,34436,8624,9894,15546,11165,36868,10075,11920,0.32,NA,NA,NA,18.8,0.8,NA,NA,NA,NA,NA,NA
St Vincent and The Grenadines,VCT,20,20.6,29.2,19,58,61.7,1,8158,0.1,0.7,-,0.5,-,58,-,-,0.2015,0.1483,0.4263,0.1168,0.1072,10309,7582,22395,6136,5167,10121,7451,20824,5703,5702,-0.25,NA,NA,NA,53,1.03,NA,NA,NA,NA,NA,NA
Sudan,SDN,31.8,7,37.3,14.3,37.6,33,38,915,41.3,0.5,2.1,0.2,2,16,0.4,49.6,0.4201,0.2094,0.2989,0.0413,0.0303,9726937,4852903,6633567,956633,729214,9414988,4687664,6986241,923688,649721,1.64,NA,NA,NA,35.3,3.17,5.59037592812814,58.6305530487027,31.8863476709787,11.2766101178785,1.65244451932973,0.746
Suriname,SUR,23.3,36.7,47.3,16.5,44.8,52.7,4,6865,0.6,0.7,7,0.3,-,43,-,68,0.2338,0.172,0.4409,0.0878,0.0655,72642,53427,136889,26435,17437,69899,51438,131868,27066,22468,1.02,NA,NA,NA,66.1,0.9,3.94080817734868,NA,NA,NA,NA,NA
Sweden,SWE,81.1,86,62.8,49.3,71.3,84.5,551,55240,10,0.9,9.4,0.9,3.5,85,0.8,85,0.1771,0.108,0.3901,0.119,0.2059,928413,569082,2016991,610521,974410,878028,532492,1962617,603795,1126142,0.81,17.5,17.6,24.9,88,1.05,NA,NA,NA,NA,NA,0.219
Switzerland,CHE,52.7,59.1,79.3,62.5,65.6,86.2,705,82546,8.5,0.9,9,0.8,3.6,85,0.8,80.099999999999994,0.1534,0.1039,0.4205,0.1348,0.1873,664255,446196,1768245,569717,699750,625252,426708,1765941,563482,874448,0.69,24.7,18.1,29.5,73.9,0.88,2.21288246373377,59.4278614071584,NA,NA,NA,0.367
Syria,SYR,18.4,2.7,23,24.4,26.1,29.6,15,836,18.3,0.5,1.4,0.3,1.4,13,-,55,0.3347,0.1934,0.3731,0.0541,0.0446,3323072,1872903,3558241,516209,404813,3170444,1879564,3679596,534189,459417,NA,NA,NA,NA,55.5,1.43,NA,NA,NA,NA,NA,0.213
Tajikistan,TJK,26.7,24.1,42.9,20.5,42.6,38.2,8,847,9.1,0.7,1.9,0.3,2.8,25,0.5,67.2,0.3143,0.1813,0.4058,0.0623,0.0363,1420271,816658,1789271,253862,132831,1368445,792231,1811566,299378,189156,1.62,NA,NA,32.6,27.5,2.62,5.9931391776258804,43.854543194028,60.338925920272104,44.5540622956338,1.10553734017155,0.367
Tanzania,TZA,33.5,42,36.8,8.2,55.4,44.7,57,968,59.1,0.5,5.4,0.6,3.1,36,0.4,55.1,0.427,0.2039,0.3031,0.0352,0.0308,12632772,5988208,8903629,954251,747934,12369115,5948134,8844180,1107717,1056905,2.75,25.1,3.5,37.6,35.2,5.22,4.85154785176155,48.3262468220424,22.6395476941193,17.6781368784911,5.82712032458645,0.591
Thailand,THA,75.7,81,78.6,70.5,70.9,56.4,505,7302,69.2,0.8,4.5999999999999996,0.6,2.7,36,0.6,69.2,0.1645,0.1302,0.4569,0.1301,0.1182,5812803,4581622,15643583,4200077,3553273,5533772,4400997,15875353,4774801,4601119,0.3,39.7,2.1,44.5,51.4,1.73,3.69378409603518,47.3364905050861,37.672089347541,17.9940057561253,1.1596869240701,0.352
Timor-Leste,TLS,18.2,25.7,30.2,9.7,33.9,41.5,3,2038,1.3,0.6,7.2,0.3,3.2,35,0.4,-,0.3996,0.2032,0.3044,0.0522,0.0406,284353,142693,202331,34956,27153,268562,138508,218914,37229,29024,2.36,NA,NA,31.9,31.3,3.35,5.26791911327593,57.2343961701278,36.8804245484355,20.3254062704611,3.14922574777245,0.802
Togo,TGO,23.7,46.8,30.4,10,46.3,37.6,6,692,8,0.5,3.1,0.6,2.8,30,0.4,52,0.3973,0.1903,0.3326,0.0442,0.0357,1716667,817093,1423554,179779,132304,1703230,820971,1439380,200392,175074,2.64,NA,NA,46,42.8,3.76,4.55131040551872,43.0185773138852,23.0439382270817,14.1707896386237,4.32692337997475,0.88
Tonga,TON,19.8,15,25.1,7.5,33.9,59,0,4266,0.1,0.7,-,0.5,-,-,0.5,-,0.32,0.1966,0.3535,0.0617,0.0683,17250,10679,18701,3345,3249,16698,10175,18802,3202,3994,-0.05,45.6,12.4,NA,23.1,0.71,NA,NA,NA,NA,NA,NA
Trinidad and Tobago,TTO,28.1,14.7,43.2,23.7,55.1,64.4,23,16494,1.4,0.8,7.2,0.6,2.9,41,0.6,67.5,0.1901,0.1128,0.4377,0.1383,0.1211,116953,70986,276970,83650,64092,112805,65389,252108,83585,82251,-0.2,NA,NA,NA,53.2,0.22,3.29086780304119,53.545660984794,38.1269941648222,12.6074333841157,1.85690879300928,0.655
Tunisia,TUN,31.7,26.3,39.1,24,31,55.7,39,3333,11.7,0.7,6.4,0.8,3,43,0.5,66.2,0.2528,0.129,0.4285,0.1012,0.0886,1529834,766331,2445751,587481,491602,1433357,745888,2576335,598140,546458,1.01,NA,NA,40,69.6,1.53,NA,NA,NA,NA,NA,0.034
Turkey,TUR,56.9,45.6,49,45.7,64.3,56.5,765,9333,81.9,0.8,4.4000000000000004,0.9,2,41,0.6,66,0.2341,0.1567,0.4331,0.0925,0.0835,9823553,6564263,17987103,3764878,3070258,9378767,6286615,17536957,3822946,3782174,0.52,34.7,10.6,40.2,76.1,2.04,4.07131378673696,73.0007799360946,35.3398763908659,12.8364933405016,0.658706634318343,0.521
Turkmenistan,TKM,31,38.6,26,14.4,39.3,45.1,55,9333,5.9,0.7,1.7,0.1,2.7,20,-,59.5,0.2544,0.1648,0.4414,0.0856,0.0538,713441,458566,1214581,221935,129332,693042,452469,1226027,251238,167996,1.12,NA,NA,40.8,52.5,2.46,NA,NA,NA,NA,NA,0.255
Tuvalu,TUV,13.1,8.7,19.6,12,28.6,58.7,0,3550,0,-,-,0.2,-,-,0.6,-,0.2942,0.1761,0.3717,0.0912,0.0668,1711,1031,2157,427,289,1626,966,2059,607,469,0.85,NA,NA,NA,64,2.27,NA,NA,NA,NA,NA,NA
Uganda,UGA,42.7,50.3,56.5,11.6,65.4,35.5,28,634,44.3,0.5,5.2,0.6,2.8,26,0.4,54.9,0.4821,0.2025,0.2624,0.0291,0.0238,10548913,4236231,5202570,579110,442159,10304876,4521698,6147304,681052,589053,3.2,13.8,2.4,39.5,25,5.7,4.53433756282406,48.5635803313854,15.9220337147808,13.3258089277629,6.74055922346648,0.883
Ukraine,UKR,38.1,36.5,34.8,23,55.1,43.3,131,3102,42.2,0.8,5.7,0.6,2.1,32,0.6,72.3,0.1616,0.0928,0.4366,0.1387,0.1703,3658127,2087185,9456905,2630329,2523600,3438887,1987758,9718758,3463851,4957539,-0.41,46.3,13.5,25.5,69.6,-0.33,2.45829841936276,53.2664135102759,31.6937523165272,11.6573934461106,1.64746923293077,0.37
United Arab Emirates,ARE,49.3,31.6,49.7,22.9,63.4,72.4,414,43402,9.5,0.9,2.8,0.9,3.2,70,0.7,69.2,0.1445,0.0794,0.6803,0.0768,0.019,745492,431751,5204618,658892,146221,698330,361804,1592987,108850,43138,2.37,NA,NA,NA,87,1.71,NA,NA,NA,NA,NA,0.684
United Kingdom,GBR,68.3,87.3,91.9,59.8,81.2,74.7,2829,42490,66.6,0.9,8.5,1,3.2,80,0.8,78.7,0.1763,0.1149,0.3967,0.1273,0.1848,5943435,3860435,13339965,4139378,5470116,5651780,3692398,12747598,4234701,6681311,0.52,17.3,15.9,32.4,83.9,0.89,2.26535984823965,61.4490091859586,14.5734691116719,1.48062453059911,0.251902094052778,0.399
United States,USA,83.1,98.2,79.7,73.8,85.3,78.2,20494,62254,329.2,0.9,8,1,2.6,71,0.8,73,0.1846,0.1291,0.3892,0.1286,0.1685,31374555,21931368,64893670,20690736,25014147,30034371,21006463,64564565,22091808,31037419,0.81,17.4,13,45,82.7,0.95,2.49113173309193,57.7301188499638,15.6952213256392,3.90881059752278,1.00669150310201,0.527
Uruguay,URY,44,33.5,41.3,24.1,39.3,74.8,59,17212,3.5,0.8,8.4,0.9,3.3,70,0.6,70.400000000000006,0.1951,0.1514,0.3986,0.1079,0.1471,336336,259904,670295,172313,200516,324563,252945,679850,193045,297838,0.27,22,15.7,41.6,95.5,0.46,2.78126035905578,58.3535425789905,24.2414990317009,6.9377322609348004,1.25529947485039,0.176
Uzbekistan,UZB,42.6,19.4,27.8,16,60.5,47.8,52,1605,32.4,0.7,2,0.8,2.8,23,-,70.3,0.2319,0.1663,0.4568,0.0863,0.0587,3631693,2601803,6955260,1245035,768769,3456750,2481826,7006172,1392263,1025840,0.93,23.8,1.2,36.8,50.4,1.28,5.24207713780226,62.4351832933203,41.4756248405719,25.697135314958,0.886591856615258,0.313
Vanuatu,VUT,24.5,15,24.8,6.6,38,57.4,1,3152,0.3,0.6,-,0.4,-,46,0.5,-,0.3365,0.1999,0.3609,0.0589,0.0439,51267,29594,52529,8666,6518,49111,30050,55130,8904,6564,1.85,NA,NA,NA,25.5,2.55,NA,NA,NA,NA,NA,NA
Venezuela,VEN,23.5,8.7,19.7,12.9,42.2,38.2,179,6281,28.5,0.8,3.2,0.4,2.2999999999999998,18,-,64,0.2566,0.1614,0.4126,0.0876,0.0818,3759280,2348073,5869736,1203430,1069262,3591897,2275912,5949082,1305285,1272646,1.24,NA,NA,39,88.3,1.28,4.33136162221914,55.6033949707097,35.4987909079321,18.0144253911237,1.69672432130076,0.52
Vietnam,VNM,49.5,57.4,43,28.3,64.6,53.4,241,2493,96.5,0.7,3.1,0.7,3.1,33,0.7,69.7,0.2261,0.1522,0.457,0.0955,0.0691,11733704,7825859,22852429,4412111,2702963,10590078,7202716,22262566,5016880,4121969,0.93,46.2,1.1,34.8,37.3,2.98,3.78309935825152,65.5415869126103,35.0240334633386,16.5029474062146,1.39002338409944,0.263
Yemen,YEM,15.1,9,19,7.6,40.3,23.5,17,591,28.5,0.5,2,0.1,1.6,14,0.4,45.7,0.3916,0.2126,0.3278,0.04,0.028,5711709,3089817,4805059,523769,366891,5513526,3005693,4591811,623100,435855,2.28,NA,NA,37.9,37.9,4.06,6.67268064092928,65.7052873361302,44.2374409055907,22.3066492169662,0.375020134573177,0.126
Zambia,ZMB,24.5,21.9,28.6,20.3,38,44.2,27,1516,17.6,0.6,5.6,0.5,3.2,35,0.4,53.1,0.4574,0.2003,0.2896,0.0301,0.0227,4005134,1744843,2539697,242993,173582,3964969,1746561,2506724,280804,221316,2.93,25.5,4.2,57.5,44.6,4.23,5.13078885536711,48.3596957266983,19.7039584642014,15.3833459772767,6.06639398889757,0.706
Zimbabwe,ZWE,31.4,65.6,30.1,14.7,45.9,39.2,23,1340,16.9,0.5,3.2,0.3,2.5,22,0.4,58.8,0.3832,0.2016,0.3294,0.0407,0.0452,2759155,1436710,2456392,227506,261456,2814462,1495440,2334973,363824,396396,1.56,30.6,1.9,43.2,32.2,2.19,4.07717933273453,42.4556465967161,19.510312643593,15.5809378807957,8.2140378054029,0.415
